variant,sample,p,FDR
chr1 115258745 A,Patient_0277,0.001246611611014529,0.029918678664348698
chr12 112888169 G,Patient_0277,1.6242475870064177e-05,0.00048337608189310996
chr19 33793112 A,Patient_0298,3.421424830905055e-08,1.2121619400920767e-06
chr4 106196282 T,Patient_0573,1.0915935011075843e-18,5.801039748743162e-17
chr4 106196282 T,Patient_0574,1.1175001929435849e-35,1.6628402871000543e-33
chr4 106196835 T,Patient_0573,6.461962961434131e-54,1.2019251108267481e-51
chr4 106196835 T,Patient_0574,4.491491850164536e-28,3.7129665961360166e-26
chr4 106196835 T,Patient_0573,6.461962961434131e-54,1.2019251108267481e-51
chr4 106196835 T,Patient_0574,4.491491850164536e-28,3.7129665961360166e-26
chr4 106196835 T,Patient_0573,6.461962961434131e-54,1.2019251108267481e-51
chr4 106196835 T,Patient_0574,4.491491850164536e-28,3.7129665961360166e-26
chr4 106196835 T,Patient_0573,6.461962961434131e-54,1.2019251108267481e-51
chr4 106196835 T,Patient_0574,4.491491850164536e-28,3.7129665961360166e-26
chr4 106158108 A,Patient_2056,5.177783138033796e-09,2.0275108708932334e-07
chr4 106194031 A,Patient_0247,2.5533079049079932e-05,0.0007035781782413136
chr4 106194031 A,Patient_2590,1.7842660809302507e-05,0.000510574601620041
chr20 31024287 A,Patient_2819,6.725842295041827e-07,2.1756637684830955e-05
chr4 106164769 A,Patient_2570,2.0038277853374377e-07,6.7765812376866075e-06
chr4 106164769 A,Patient_0247,5.517112136684939e-22,3.7315740269941765e-20
chr7 148506443 T,Patient_0488,0.0017941868561997154,0.04045075821250267
chr2 25463313 T,Patient_0531,1.366579671149675e-08,5.083676376676791e-07
chr21 36206785 C,Patient_0672,0.0005008063352198427,0.01284827287598493
chr2 25469494 T,Patient_0967,0.00019584274741420575,0.005203821574148895
chr2 25467023 A,Patient_1230,3.0583482374484035e-06,9.480879536090052e-05
chr19 33792425 A,Patient_1441,0.0005763072509303493,0.014292419823072663
chr13 28592620 C,Patient_1589,1.157201369603643e-13,5.38098636865694e-12
chr12 112888210 C,Patient_2373,1.7635838632908002e-16,8.747375961922369e-15
chr13 28592621 G,Patient_2373,1.6034416708231142e-19,9.17662002378767e-18
chr11 119148990 C,Patient_2478,3.194310344155825e-20,1.9804724133766114e-18
chr4 106155307 T,Patient_2570,3.1979380688000123e-25,2.3792659231872092e-23
chr2 198266513 C,Patient_0107,2.500497215818796e-09,1.0335388492051025e-07
chr4 106156524 A,Patient_0186,2.0031211393642237e-09,8.766600751099896e-08
chr4 106180874 T,Patient_1618,0.0013860447490326964,0.03222554041501019
